system:index,elevation,label,lossyear,ndvi,slope,treecover2000,.geo
70,415,1,19,0.3768846392631531,1.814779186440465,71,"{""type"":""MultiPoint"",""coordinates"":[]}"
198,1113,1,19,0.5558330416679382,14.560298828346781,48,"{""type"":""MultiPoint"",""coordinates"":[]}"
248,109,1,8,0.4195348024368286,2.4476643298759098,87,"{""type"":""MultiPoint"",""coordinates"":[]}"
380,57,1,11,0.5011648535728455,0.9279225431335888,95,"{""type"":""MultiPoint"",""coordinates"":[]}"
620,1708,1,13,0.3987831175327301,15.583419960544424,54,"{""type"":""MultiPoint"",""coordinates"":[]}"
668,29,1,10,0.5034114718437195,5.00171690062637,99,"{""type"":""MultiPoint"",""coordinates"":[]}"
780,158,0,21,0.6156959533691406,7.939062595367432,99,"{""type"":""MultiPoint"",""coordinates"":[]}"
785,9,1,11,0.4368152618408203,3.9485400119214566,76,"{""type"":""MultiPoint"",""coordinates"":[]}"
967,473,1,18,0.44443780183792114,15.91056930551703,96,"{""type"":""MultiPoint"",""coordinates"":[]}"
1032,19,1,6,0.5498310327529907,2.929690402093036,49,"{""type"":""MultiPoint"",""coordinates"":[]}"
1081,118,0,23,0.4746188819408417,5.369998689617262,79,"{""type"":""MultiPoint"",""coordinates"":[]}"
1144,446,0,23,0.17502065002918243,2.416340192985941,37,"{""type"":""MultiPoint"",""coordinates"":[]}"
1189,1232,1,4,0.1383444368839264,5.7549151660823945,88,"{""type"":""MultiPoint"",""coordinates"":[]}"
1531,173,1,20,0.4625434875488281,2.377161000614316,63,"{""type"":""MultiPoint"",""coordinates"":[]}"
1550,1507,1,17,0.2785778045654297,0.9274099368492421,36,"{""type"":""MultiPoint"",""coordinates"":[]}"
2026,255,1,5,0.31857356429100037,4.656703472137451,33,"{""type"":""MultiPoint"",""coordinates"":[]}"
2138,474,1,12,0.4142002761363983,2.226097348688432,51,"{""type"":""MultiPoint"",""coordinates"":[]}"
2148,144,1,4,0.5943408608436584,2.164580683062793,84,"{""type"":""MultiPoint"",""coordinates"":[]}"
2177,602,1,18,0.5487374663352966,2.9325667678234493,100,"{""type"":""MultiPoint"",""coordinates"":[]}"
2221,82,1,8,0.6779268980026245,1.4393281936645508,99,"{""type"":""MultiPoint"",""coordinates"":[]}"
2349,203,1,5,0.40679535269737244,1.3368721851741119,100,"{""type"":""MultiPoint"",""coordinates"":[]}"
2357,979,1,19,0.4304336607456207,21.787621820902274,95,"{""type"":""MultiPoint"",""coordinates"":[]}"
2567,452,1,5,0.3967306613922119,2.2956887808783613,89,"{""type"":""MultiPoint"",""coordinates"":[]}"
2593,372,1,20,0.2797117531299591,2.0770489960795153,63,"{""type"":""MultiPoint"",""coordinates"":[]}"
2709,85,1,1,0.12909454107284546,12.178909623764874,89,"{""type"":""MultiPoint"",""coordinates"":[]}"
3099,193,1,2,0.43432143330574036,2.7802885155287553,85,"{""type"":""MultiPoint"",""coordinates"":[]}"
3112,36,1,13,0.4723740816116333,2.3427084392616426,64,"{""type"":""MultiPoint"",""coordinates"":[]}"
3142,5,0,23,0.5637157559394836,0.9274099368611016,90,"{""type"":""MultiPoint"",""coordinates"":[]}"
3532,181,1,7,0.48015907406806946,3.2325428772582563,85,"{""type"":""MultiPoint"",""coordinates"":[]}"
3594,441,1,20,0.3720096945762634,31.960320752414688,96,"{""type"":""MultiPoint"",""coordinates"":[]}"
3822,285,1,4,0.6177117824554443,12.198243988011752,95,"{""type"":""MultiPoint"",""coordinates"":[]}"
3984,242,1,2,0.45889249444007874,1.8803158697733298,97,"{""type"":""MultiPoint"",""coordinates"":[]}"
4057,259,1,14,0.4896615743637085,9.278753844837548,100,"{""type"":""MultiPoint"",""coordinates"":[]}"
4058,2377,1,18,0.15805788338184357,12.009908200015145,73,"{""type"":""MultiPoint"",""coordinates"":[]}"
4103,240,1,5,0.4885636866092682,2.0905901523392862,70,"{""type"":""MultiPoint"",""coordinates"":[]}"
4352,104,1,4,0.41220101714134216,1.8543341688058628,49,"{""type"":""MultiPoint"",""coordinates"":[]}"
4502,44,1,4,0.5532213449478149,7.932616569670789,52,"{""type"":""MultiPoint"",""coordinates"":[]}"
4515,14,1,17,0.47722285985946655,2.073174579082182,97,"{""type"":""MultiPoint"",""coordinates"":[]}"
4544,122,1,4,0.4634811580181122,3.4931416511535645,55,"{""type"":""MultiPoint"",""coordinates"":[]}"
4555,1889,0,22,0.48438847064971924,1.3198998859544124,49,"{""type"":""MultiPoint"",""coordinates"":[]}"
4680,39,0,24,0.5122178792953491,11.922093256959466,82,"{""type"":""MultiPoint"",""coordinates"":[]}"
4735,796,1,14,0.22755157947540283,6.3456500458615945,97,"{""type"":""MultiPoint"",""coordinates"":[]}"
4826,101,1,12,0.2627052664756775,1.35612685412224,71,"{""type"":""MultiPoint"",""coordinates"":[]}"
4973,1975,1,7,0.3857046663761139,6.272410772582109,49,"{""type"":""MultiPoint"",""coordinates"":[]}"
5057,27,1,7,0.500190794467926,2.930784023201424,90,"{""type"":""MultiPoint"",""coordinates"":[]}"
5061,82,1,6,0.4668883681297302,2.6220191987216133,89,"{""type"":""MultiPoint"",""coordinates"":[]}"
5092,196,1,10,0.38831624388694763,0.9960934940266707,48,"{""type"":""MultiPoint"",""coordinates"":[]}"
5110,196,0,24,0.5494494438171387,5.555496175428102,100,"{""type"":""MultiPoint"",""coordinates"":[]}"
5184,44,1,17,0.6467142701148987,4.985092655873126,100,"{""type"":""MultiPoint"",""coordinates"":[]}"
5343,939,1,2,0.4704173803329468,6.753275756502566,95,"{""type"":""MultiPoint"",""coordinates"":[]}"
5382,139,0,22,0.5599319934844971,1.854334168853263,95,"{""type"":""MultiPoint"",""coordinates"":[]}"
5473,87,0,23,0.6417921781539917,2.075967665638261,100,"{""type"":""MultiPoint"",""coordinates"":[]}"
5680,425,1,4,0.41236981749534607,2.0848535450956036,97,"{""type"":""MultiPoint"",""coordinates"":[]}"
5728,179,1,16,0.5455052256584167,1.1257364460417048,79,"{""type"":""MultiPoint"",""coordinates"":[]}"
5989,33,1,2,0.39553967118263245,1.8543341159820557,86,"{""type"":""MultiPoint"",""coordinates"":[]}"
6023,127,1,2,0.5429954528808594,1.9742228984832764,65,"{""type"":""MultiPoint"",""coordinates"":[]}"
6033,69,1,3,0.6513290405273438,2.9318891250938344,62,"{""type"":""MultiPoint"",""coordinates"":[]}"
6107,546,1,14,0.29557737708091736,14.056672113698983,70,"{""type"":""MultiPoint"",""coordinates"":[]}"
6162,396,1,15,0.5211197733879089,1.3114520653204986,100,"{""type"":""MultiPoint"",""coordinates"":[]}"
6284,260,1,13,0.46773847937583923,7.881550843298836,100,"{""type"":""MultiPoint"",""coordinates"":[]}"
6422,302,1,9,0.3478854298591614,5.609963075874228,72,"{""type"":""MultiPoint"",""coordinates"":[]}"
6598,127,1,19,0.6242405772209167,2.093757748262969,100,"{""type"":""MultiPoint"",""coordinates"":[]}"
6623,221,0,21,0.49260449409484863,12.863204103735152,45,"{""type"":""MultiPoint"",""coordinates"":[]}"
6636,187,1,20,0.6065014004707336,3.3581016063690186,93,"{""type"":""MultiPoint"",""coordinates"":[]}"
6788,1075,0,22,0.5889015793800354,1.3115768539378243,43,"{""type"":""MultiPoint"",""coordinates"":[]}"
6958,245,1,2,0.32653847336769104,2.1255380462437112,71,"{""type"":""MultiPoint"",""coordinates"":[]}"
7141,82,1,8,0.5279620885848999,2.9309512921415792,97,"{""type"":""MultiPoint"",""coordinates"":[]}"
7221,234,1,8,0.5219789743423462,4.720135151253996,100,"{""type"":""MultiPoint"",""coordinates"":[]}"
7375,390,1,6,0.36006075143814087,5.796382206652246,85,"{""type"":""MultiPoint"",""coordinates"":[]}"
7430,185,1,16,0.5482521057128906,6.762572470006913,82,"{""type"":""MultiPoint"",""coordinates"":[]}"
7436,722,1,19,0.5089723467826843,29.8391921569031,85,"{""type"":""MultiPoint"",""coordinates"":[]}"
7468,582,0,24,0.40745335817337036,1.8543341688295631,96,"{""type"":""MultiPoint"",""coordinates"":[]}"
7557,159,1,14,0.6479356288909912,4.689549878268754,100,"{""type"":""MultiPoint"",""coordinates"":[]}"
7983,77,1,16,0.660988450050354,3.82053178741816,100,"{""type"":""MultiPoint"",""coordinates"":[]}"
8068,260,1,3,0.4605359733104706,4.224109893364462,99,"{""type"":""MultiPoint"",""coordinates"":[]}"
8094,273,1,10,0.36834171414375305,2.431103518401553,86,"{""type"":""MultiPoint"",""coordinates"":[]}"
8180,1164,1,5,0.4010128080844879,14.520767831806387,78,"{""type"":""MultiPoint"",""coordinates"":[]}"
8188,1042,1,16,0.17663216590881348,10.665081977844238,82,"{""type"":""MultiPoint"",""coordinates"":[]}"
8274,98,0,22,0.6487435698509216,2.8115542556402287,100,"{""type"":""MultiPoint"",""coordinates"":[]}"
8307,131,1,2,0.4707477390766144,3.608266150615287,86,"{""type"":""MultiPoint"",""coordinates"":[]}"
8464,984,0,22,0.5954781174659729,0.9274099368729609,54,"{""type"":""MultiPoint"",""coordinates"":[]}"
8470,182,0,21,0.6844534873962402,4.861715551692426,97,"{""type"":""MultiPoint"",""coordinates"":[]}"
8609,1105,1,8,0.13379351794719696,23.71001887548429,55,"{""type"":""MultiPoint"",""coordinates"":[]}"
8793,173,1,20,0.5965224504470825,7.933409526313875,49,"{""type"":""MultiPoint"",""coordinates"":[]}"
8949,20,0,23,0.5681632161140442,0.962652255113571,100,"{""type"":""MultiPoint"",""coordinates"":[]}"
9050,252,1,14,0.5134402513504028,2.0730538368225098,95,"{""type"":""MultiPoint"",""coordinates"":[]}"
9215,771,1,14,0.40856054425239563,10.351604821919393,83,"{""type"":""MultiPoint"",""coordinates"":[]}"
9361,1024,1,14,0.6230857968330383,19.90094556561858,91,"{""type"":""MultiPoint"",""coordinates"":[]}"
9378,1126,1,7,0.18802179396152496,4.150945461205458,89,"{""type"":""MultiPoint"",""coordinates"":[]}"
9402,238,1,18,0.5774416327476501,4.150989451639758,97,"{""type"":""MultiPoint"",""coordinates"":[]}"
9452,444,0,21,0.3289264440536499,3.54540139771515,77,"{""type"":""MultiPoint"",""coordinates"":[]}"
9464,40,1,16,0.5990389585494995,2.077237844467163,86,"{""type"":""MultiPoint"",""coordinates"":[]}"
9558,384,1,2,0.41514772176742554,0.9274099469184875,100,"{""type"":""MultiPoint"",""coordinates"":[]}"
9637,163,1,18,0.42897269129753113,2.58959440144594,85,"{""type"":""MultiPoint"",""coordinates"":[]}"
9649,827,1,7,0.4884776175022125,2.5160379290605186,70,"{""type"":""MultiPoint"",""coordinates"":[]}"
9697,389,1,2,0.5013172626495361,0.9274099368729609,100,"{""type"":""MultiPoint"",""coordinates"":[]}"
9779,358,1,8,0.6406263709068298,2.997369957373397,99,"{""type"":""MultiPoint"",""coordinates"":[]}"
9901,234,1,10,0.3623214364051819,6.74305371305294,39,"{""type"":""MultiPoint"",""coordinates"":[]}"
10017,591,1,8,0.19076988101005554,2.7802885155287553,85,"{""type"":""MultiPoint"",""coordinates"":[]}"
10485,408,0,22,0.3532972037792206,4.9770754573052125,55,"{""type"":""MultiPoint"",""coordinates"":[]}"
10523,620,1,1,0.3734305202960968,17.86315941638493,54,"{""type"":""MultiPoint"",""coordinates"":[]}"
10585,14,1,10,0.53553307056427,4.140676694648354,82,"{""type"":""MultiPoint"",""coordinates"":[]}"
10749,730,1,9,0.2585364878177643,8.070484371573645,87,"{""type"":""MultiPoint"",""coordinates"":[]}"
11064,89,1,10,0.4881434142589569,0.9274099368611016,70,"{""type"":""MultiPoint"",""coordinates"":[]}"
11130,681,0,21,0.47528645396232605,17.96514751032319,97,"{""type"":""MultiPoint"",""coordinates"":[]}"
11375,21,1,6,0.6222608685493469,3.54218845727944,82,"{""type"":""MultiPoint"",""coordinates"":[]}"
11498,442,1,14,0.3902185261249542,1.8543341688295631,37,"{""type"":""MultiPoint"",""coordinates"":[]}"
11936,480,1,1,0.46117380261421204,22.09661865234375,100,"{""type"":""MultiPoint"",""coordinates"":[]}"
12018,42,1,16,0.4575766921043396,3.40421516505397,36,"{""type"":""MultiPoint"",""coordinates"":[]}"
12209,778,0,23,0.22331981360912323,6.88182973309651,54,"{""type"":""MultiPoint"",""coordinates"":[]}"
12226,384,1,19,0.6186258792877197,0.0,55,"{""type"":""MultiPoint"",""coordinates"":[]}"
12286,261,1,2,0.4876413643360138,0.0,99,"{""type"":""MultiPoint"",""coordinates"":[]}"
12336,235,1,4,0.5178009867668152,13.95504252728402,92,"{""type"":""MultiPoint"",""coordinates"":[]}"
12401,25,1,14,0.4935872554779053,1.3114711046218872,96,"{""type"":""MultiPoint"",""coordinates"":[]}"
12452,82,1,18,0.450544536113739,5.23241658571069,85,"{""type"":""MultiPoint"",""coordinates"":[]}"
12493,315,1,9,0.41696175932884216,1.0242875814437866,49,"{""type"":""MultiPoint"",""coordinates"":[]}"
12573,273,1,14,0.6613718867301941,16.4694984918483,55,"{""type"":""MultiPoint"",""coordinates"":[]}"
12581,371,1,17,0.505785346031189,3.8187147177435397,100,"{""type"":""MultiPoint"",""coordinates"":[]}"
12715,4,1,11,0.4316827356815338,1.3125717256295821,97,"{""type"":""MultiPoint"",""coordinates"":[]}"
12805,200,1,8,0.33778756856918335,0.9274099368492421,45,"{""type"":""MultiPoint"",""coordinates"":[]}"
12822,1213,1,4,0.2624654471874237,5.21938650791103,85,"{""type"":""MultiPoint"",""coordinates"":[]}"
12859,699,1,2,0.5435060262680054,13.196823067815213,98,"{""type"":""MultiPoint"",""coordinates"":[]}"
12891,103,1,16,0.39424529671669006,4.167635440826416,74,"{""type"":""MultiPoint"",""coordinates"":[]}"
12996,441,1,9,0.4467194080352783,2.111397822479885,54,"{""type"":""MultiPoint"",""coordinates"":[]}"
13004,553,0,23,0.3353746235370636,0.0,62,"{""type"":""MultiPoint"",""coordinates"":[]}"
13045,24,1,13,0.5998498797416687,3.708342870649451,98,"{""type"":""MultiPoint"",""coordinates"":[]}"
13056,140,0,22,0.5169928073883057,3.345701079916097,98,"{""type"":""MultiPoint"",""coordinates"":[]}"
13270,82,1,16,0.2322930097579956,2.5050810866703817,72,"{""type"":""MultiPoint"",""coordinates"":[]}"
13352,910,1,3,0.361882746219635,1.563365410663399,55,"{""type"":""MultiPoint"",""coordinates"":[]}"
13650,836,1,19,0.28327715396881104,5.511379746227923,76,"{""type"":""MultiPoint"",""coordinates"":[]}"
13868,564,1,4,0.6808330416679382,1.3433244960923831,69,"{""type"":""MultiPoint"",""coordinates"":[]}"
14233,123,1,14,0.5003370642662048,18.666497428191004,97,"{""type"":""MultiPoint"",""coordinates"":[]}"
14243,109,1,18,0.4302577078342438,5.545237782158557,85,"{""type"":""MultiPoint"",""coordinates"":[]}"
14427,432,1,6,0.16167443990707397,2.5625316627371513,45,"{""type"":""MultiPoint"",""coordinates"":[]}"
14601,53,1,20,0.6475185751914978,3.4947422242924926,88,"{""type"":""MultiPoint"",""coordinates"":[]}"
14717,254,1,10,0.3124295175075531,2.158334218371093,45,"{""type"":""MultiPoint"",""coordinates"":[]}"
15137,38,1,3,0.4580463171005249,2.7915168073326844,37,"{""type"":""MultiPoint"",""coordinates"":[]}"
15209,101,1,15,0.4777233600616455,3.849872567179194,49,"{""type"":""MultiPoint"",""coordinates"":[]}"
15368,316,0,21,0.2929918169975281,0.9274099368611016,45,"{""type"":""MultiPoint"",""coordinates"":[]}"
15440,51,1,14,0.5344758629798889,1.3190112899096482,82,"{""type"":""MultiPoint"",""coordinates"":[]}"
15446,561,1,20,0.3355598449707031,2.022356958574482,85,"{""type"":""MultiPoint"",""coordinates"":[]}"
15500,703,1,17,0.6710551977157593,7.619845439393565,96,"{""type"":""MultiPoint"",""coordinates"":[]}"
15727,866,1,7,0.18687483668327332,6.668571850016633,98,"{""type"":""MultiPoint"",""coordinates"":[]}"
15728,41,0,24,0.48653262853622437,5.675715422779645,93,"{""type"":""MultiPoint"",""coordinates"":[]}"
16031,915,0,22,0.41325756907463074,16.296288752774043,98,"{""type"":""MultiPoint"",""coordinates"":[]}"
16099,497,1,14,0.3518748879432678,6.5128934740949225,85,"{""type"":""MultiPoint"",""coordinates"":[]}"
16314,50,1,5,0.4849010705947876,2.073199510574341,97,"{""type"":""MultiPoint"",""coordinates"":[]}"
16340,201,1,18,0.666724443435669,5.46429372055102,96,"{""type"":""MultiPoint"",""coordinates"":[]}"
16354,31,0,21,0.565491795539856,2.935878679418915,98,"{""type"":""MultiPoint"",""coordinates"":[]}"
16499,643,1,7,0.40930309891700745,13.82797633673827,97,"{""type"":""MultiPoint"",""coordinates"":[]}"
16517,179,1,14,0.2806037962436676,1.8543341159820557,85,"{""type"":""MultiPoint"",""coordinates"":[]}"
16745,1027,1,17,0.3162785470485687,3.704791833718337,98,"{""type"":""MultiPoint"",""coordinates"":[]}"
16772,15,1,16,0.48589032888412476,5.395356348574417,82,"{""type"":""MultiPoint"",""coordinates"":[]}"
16891,106,1,20,0.5627426505088806,4.006179755943121,76,"{""type"":""MultiPoint"",""coordinates"":[]}"
17021,438,0,23,0.42793765664100647,1.666683141819302,96,"{""type"":""MultiPoint"",""coordinates"":[]}"
17041,121,1,20,0.49375948309898376,7.4430111572825535,100,"{""type"":""MultiPoint"",""coordinates"":[]}"
17048,172,1,3,0.4390805661678314,7.568979592150573,57,"{""type"":""MultiPoint"",""coordinates"":[]}"
17102,176,1,2,0.5597617626190186,1.8543341688058628,100,"{""type"":""MultiPoint"",""coordinates"":[]}"
17130,523,1,7,0.24984708428382874,0.9274099368611016,85,"{""type"":""MultiPoint"",""coordinates"":[]}"
17377,631,0,22,0.6432569026947021,18.381856936214486,85,"{""type"":""MultiPoint"",""coordinates"":[]}"
17440,432,1,7,0.2664855122566223,2.8472617701665226,45,"{""type"":""MultiPoint"",""coordinates"":[]}"
17563,299,0,21,0.6465797424316406,20.243292051076434,100,"{""type"":""MultiPoint"",""coordinates"":[]}"
17601,663,1,8,0.38650062680244446,11.985876172213963,76,"{""type"":""MultiPoint"",""coordinates"":[]}"
17633,240,1,16,0.2192593216896057,4.155162183450573,85,"{""type"":""MultiPoint"",""coordinates"":[]}"
17683,109,1,12,0.5885815620422363,3.4194437444299943,96,"{""type"":""MultiPoint"",""coordinates"":[]}"
17942,94,0,22,0.6022997498512268,0.9274099368611016,100,"{""type"":""MultiPoint"",""coordinates"":[]}"
18059,235,1,5,0.6914303302764893,1.3873647451400757,96,"{""type"":""MultiPoint"",""coordinates"":[]}"
18092,148,1,8,0.4871442914009094,1.3617879143358973,48,"{""type"":""MultiPoint"",""coordinates"":[]}"
18145,176,1,16,0.5729700326919556,2.6230548591305225,100,"{""type"":""MultiPoint"",""coordinates"":[]}"
18149,72,0,24,0.44608157873153687,2.103416475868062,100,"{""type"":""MultiPoint"",""coordinates"":[]}"
18192,87,1,16,0.6813942790031433,7.437284994772562,82,"{""type"":""MultiPoint"",""coordinates"":[]}"
18323,957,1,16,0.2892090380191803,2.512728691101074,85,"{""type"":""MultiPoint"",""coordinates"":[]}"
18399,431,1,19,0.2663673162460327,13.301750518095776,89,"{""type"":""MultiPoint"",""coordinates"":[]}"
18450,540,1,10,0.2682996094226837,5.824736803440649,55,"{""type"":""MultiPoint"",""coordinates"":[]}"
18462,380,1,17,0.4727228581905365,26.17825369410072,90,"{""type"":""MultiPoint"",""coordinates"":[]}"
18529,1133,1,1,0.32505640387535095,4.868746151239621,56,"{""type"":""MultiPoint"",""coordinates"":[]}"
18837,417,1,4,0.30579209327697754,2.7802885155287553,86,"{""type"":""MultiPoint"",""coordinates"":[]}"
18851,293,1,9,0.3620013892650604,9.228766843333327,89,"{""type"":""MultiPoint"",""coordinates"":[]}"
18855,409,1,18,0.5102026462554932,6.464860916137695,95,"{""type"":""MultiPoint"",""coordinates"":[]}"
19102,2696,1,12,0.21977299451828003,7.757317745049853,70,"{""type"":""MultiPoint"",""coordinates"":[]}"
19113,23,1,12,0.4796527922153473,3.707089693093657,76,"{""type"":""MultiPoint"",""coordinates"":[]}"
19198,133,1,13,0.325577050447464,10.096576147615323,97,"{""type"":""MultiPoint"",""coordinates"":[]}"
19252,43,1,20,0.5935384631156921,6.727555410761602,97,"{""type"":""MultiPoint"",""coordinates"":[]}"
19723,93,1,16,0.5595781207084656,2.62238694380135,99,"{""type"":""MultiPoint"",""coordinates"":[]}"
19791,183,1,1,0.4550509750843048,1.447338085858684,45,"{""type"":""MultiPoint"",""coordinates"":[]}"
19837,962,0,24,0.5481981635093689,4.986949810032642,45,"{""type"":""MultiPoint"",""coordinates"":[]}"
20091,205,1,6,0.479963093996048,1.3534930933354683,56,"{""type"":""MultiPoint"",""coordinates"":[]}"
20143,274,1,12,0.7608941793441772,1.854334168853263,99,"{""type"":""MultiPoint"",""coordinates"":[]}"
20175,1491,1,1,0.599869966506958,4.186418998024809,54,"{""type"":""MultiPoint"",""coordinates"":[]}"
20293,21,0,23,0.49410971999168396,1.3114577266831975,90,"{""type"":""MultiPoint"",""coordinates"":[]}"
20424,65,1,10,0.2553137540817261,2.813400368344266,96,"{""type"":""MultiPoint"",""coordinates"":[]}"
20426,1036,1,17,0.1773722618818283,6.271329402923584,85,"{""type"":""MultiPoint"",""coordinates"":[]}"
20480,176,1,11,0.3556513488292694,2.076082818112248,66,"{""type"":""MultiPoint"",""coordinates"":[]}"
20537,685,1,19,0.6037442684173584,13.764435946341418,95,"{""type"":""MultiPoint"",""coordinates"":[]}"
20595,416,1,7,0.376169353723526,3.9481905289355566,78,"{""type"":""MultiPoint"",""coordinates"":[]}"
20673,1523,0,21,0.3147274851799011,5.734664552644189,90,"{""type"":""MultiPoint"",""coordinates"":[]}"
20687,754,1,7,0.44153547286987305,12.711677035313318,100,"{""type"":""MultiPoint"",""coordinates"":[]}"
20752,481,0,23,0.24102017283439636,9.805429221546698,51,"{""type"":""MultiPoint"",""coordinates"":[]}"
20812,175,1,2,0.523726761341095,21.325617448778484,97,"{""type"":""MultiPoint"",""coordinates"":[]}"
20815,794,1,17,0.5426447987556458,12.453895568847656,97,"{""type"":""MultiPoint"",""coordinates"":[]}"
20819,44,1,7,0.5505367517471313,3.522068251293879,71,"{""type"":""MultiPoint"",""coordinates"":[]}"
20846,119,1,19,0.4965384304523468,15.204735983795855,79,"{""type"":""MultiPoint"",""coordinates"":[]}"
21008,172,0,23,0.2516525685787201,3.611567530566699,37,"{""type"":""MultiPoint"",""coordinates"":[]}"
21037,205,1,12,0.44357678294181824,3.8577088007787843,54,"{""type"":""MultiPoint"",""coordinates"":[]}"
21038,149,1,14,0.6789910793304443,6.343376560971726,78,"{""type"":""MultiPoint"",""coordinates"":[]}"
21070,604,1,4,0.4952567219734192,16.46468816427817,85,"{""type"":""MultiPoint"",""coordinates"":[]}"
21154,56,1,3,0.6084367632865906,2.643620729446411,82,"{""type"":""MultiPoint"",""coordinates"":[]}"
21732,485,1,20,0.40806081891059875,1.9833516256126804,90,"{""type"":""MultiPoint"",""coordinates"":[]}"
21735,528,1,3,0.331304669380188,1.8543341688295631,78,"{""type"":""MultiPoint"",""coordinates"":[]}"
21958,164,1,15,0.3471960127353668,6.730946083600516,73,"{""type"":""MultiPoint"",""coordinates"":[]}"
22055,348,1,15,0.6108924746513367,11.146543502807617,100,"{""type"":""MultiPoint"",""coordinates"":[]}"
22163,813,1,9,0.31930118799209595,20.45501564113518,64,"{""type"":""MultiPoint"",""coordinates"":[]}"
22401,357,1,6,0.4158639907836914,1.3290185773380634,49,"{""type"":""MultiPoint"",""coordinates"":[]}"
22448,622,1,15,0.4231623411178589,5.02476301710112,47,"{""type"":""MultiPoint"",""coordinates"":[]}"
22478,146,0,24,0.6563730239868164,3.909071207046509,87,"{""type"":""MultiPoint"",""coordinates"":[]}"
22652,497,1,12,0.5578023195266724,2.7802884578704834,98,"{""type"":""MultiPoint"",""coordinates"":[]}"
23094,15,1,15,0.6626467704772949,3.3409950597881304,71,"{""type"":""MultiPoint"",""coordinates"":[]}"
23179,207,1,20,0.4816606640815735,0.0,41,"{""type"":""MultiPoint"",""coordinates"":[]}"
23762,441,1,18,0.4499853849411011,8.025535492484146,72,"{""type"":""MultiPoint"",""coordinates"":[]}"
23873,19,1,6,0.543633222579956,5.393006569894164,97,"{""type"":""MultiPoint"",""coordinates"":[]}"
23878,427,1,18,0.5931835174560547,5.917731390810889,98,"{""type"":""MultiPoint"",""coordinates"":[]}"
24081,25,1,9,0.5239695310592651,2.7802885155287553,97,"{""type"":""MultiPoint"",""coordinates"":[]}"
24171,224,1,17,0.3052205443382263,8.306742318830745,100,"{""type"":""MultiPoint"",""coordinates"":[]}"
24272,592,0,22,0.598680853843689,13.484039088066588,60,"{""type"":""MultiPoint"",""coordinates"":[]}"
24283,234,1,2,0.4495317041873932,1.854334168853263,100,"{""type"":""MultiPoint"",""coordinates"":[]}"
24326,313,1,9,0.5363729596138,7.765937091783994,74,"{""type"":""MultiPoint"",""coordinates"":[]}"
24401,202,1,17,0.45009535551071167,2.3890437319407987,87,"{""type"":""MultiPoint"",""coordinates"":[]}"
24524,1057,1,9,0.430635005235672,0.9274099368729609,55,"{""type"":""MultiPoint"",""coordinates"":[]}"
24565,148,0,23,0.5342804789543152,2.6235842125191837,98,"{""type"":""MultiPoint"",""coordinates"":[]}"
24648,938,0,24,0.29121536016464233,0.9274099368611016,47,"{""type"":""MultiPoint"",""coordinates"":[]}"
24678,192,0,21,0.43388599157333374,1.392208741094217,51,"{""type"":""MultiPoint"",""coordinates"":[]}"
24884,109,0,24,0.6194260120391846,9.765745908260786,98,"{""type"":""MultiPoint"",""coordinates"":[]}"
24941,554,1,11,0.14960207045078278,1.7145854826677291,83,"{""type"":""MultiPoint"",""coordinates"":[]}"
25193,166,1,19,0.5195860266685486,8.243135472190433,99,"{""type"":""MultiPoint"",""coordinates"":[]}"
25201,469,1,1,0.5000133514404297,4.7182764372452475,64,"{""type"":""MultiPoint"",""coordinates"":[]}"
25373,1287,0,23,0.57445228099823,3.908700533773945,54,"{""type"":""MultiPoint"",""coordinates"":[]}"
25437,43,1,18,0.38001370429992676,0.9287233440491851,78,"{""type"":""MultiPoint"",""coordinates"":[]}"
25510,410,0,23,0.33937928080558777,3.4643824803374934,85,"{""type"":""MultiPoint"",""coordinates"":[]}"
25548,1445,1,5,0.3678816556930542,3.487782951249593,85,"{""type"":""MultiPoint"",""coordinates"":[]}"
25766,560,0,24,0.3505285382270813,0.9274099368611016,67,"{""type"":""MultiPoint"",""coordinates"":[]}"
25936,525,1,18,0.24162665009498596,3.7045509647060593,54,"{""type"":""MultiPoint"",""coordinates"":[]}"
26010,262,1,8,0.6010444760322571,8.22161724850108,69,"{""type"":""MultiPoint"",""coordinates"":[]}"
26215,994,1,19,0.5279037952423096,18.505271773625825,98,"{""type"":""MultiPoint"",""coordinates"":[]}"
26300,196,1,11,0.6180363893508911,2.9713886375264926,99,"{""type"":""MultiPoint"",""coordinates"":[]}"
26386,1542,0,24,0.43184101581573486,17.4750755067887,96,"{""type"":""MultiPoint"",""coordinates"":[]}"
26515,69,0,22,0.5294823050498962,15.687580419694765,76,"{""type"":""MultiPoint"",""coordinates"":[]}"
26577,338,0,22,0.5945123434066772,5.853991562033618,98,"{""type"":""MultiPoint"",""coordinates"":[]}"
26588,1088,1,6,0.4611746370792389,1.328022863600563,47,"{""type"":""MultiPoint"",""coordinates"":[]}"
26663,957,0,23,0.1922108381986618,26.72911805133833,85,"{""type"":""MultiPoint"",""coordinates"":[]}"
26705,86,1,10,0.5305013060569763,2.6314731833241636,99,"{""type"":""MultiPoint"",""coordinates"":[]}"
26887,160,1,4,0.47273603081703186,4.152423676010251,100,"{""type"":""MultiPoint"",""coordinates"":[]}"
26939,556,1,13,0.546234667301178,6.264083628922342,59,"{""type"":""MultiPoint"",""coordinates"":[]}"
26951,624,1,17,0.5642156004905701,15.454225844388702,100,"{""type"":""MultiPoint"",""coordinates"":[]}"
27009,898,1,18,0.2135607898235321,11.215103459726578,86,"{""type"":""MultiPoint"",""coordinates"":[]}"
27063,79,1,17,0.6383590698242188,2.9319680897612894,99,"{""type"":""MultiPoint"",""coordinates"":[]}"
27103,208,0,24,0.478627473115921,2.788644227352717,100,"{""type"":""MultiPoint"",""coordinates"":[]}"
27489,528,1,16,0.36812204122543335,5.9226202964782715,52,"{""type"":""MultiPoint"",""coordinates"":[]}"
27498,342,1,9,0.23277729749679565,4.627367505919335,83,"{""type"":""MultiPoint"",""coordinates"":[]}"
27590,162,1,10,0.5568698048591614,1.0884848908602347,95,"{""type"":""MultiPoint"",""coordinates"":[]}"
27840,7,1,4,0.5549414157867432,2.080682236527075,87,"{""type"":""MultiPoint"",""coordinates"":[]}"
27909,222,0,23,0.409530907869339,20.851496008204503,75,"{""type"":""MultiPoint"",""coordinates"":[]}"
27939,255,1,12,0.5496713519096375,11.078779727943306,81,"{""type"":""MultiPoint"",""coordinates"":[]}"
27959,100,1,18,0.5457988977432251,2.7802885154932517,100,"{""type"":""MultiPoint"",""coordinates"":[]}"
28040,11,1,6,0.4973470866680145,0.0,75,"{""type"":""MultiPoint"",""coordinates"":[]}"
28281,320,1,13,0.22799739241600037,1.8300884231382861,66,"{""type"":""MultiPoint"",""coordinates"":[]}"
28316,48,1,4,0.5816722512245178,9.20180738256672,98,"{""type"":""MultiPoint"",""coordinates"":[]}"
28357,41,1,8,0.5509976148605347,1.3118569602736423,89,"{""type"":""MultiPoint"",""coordinates"":[]}"
28475,107,1,4,0.5557731986045837,3.8286673308106205,55,"{""type"":""MultiPoint"",""coordinates"":[]}"
28566,123,1,16,0.4571230411529541,1.3570353371118382,80,"{""type"":""MultiPoint"",""coordinates"":[]}"
28977,178,0,22,0.4484066367149353,1.8230337170060507,85,"{""type"":""MultiPoint"",""coordinates"":[]}"
28986,410,0,22,0.3938058018684387,2.8944657376033787,85,"{""type"":""MultiPoint"",""coordinates"":[]}"
29025,10,1,11,0.45178914070129395,1.312225863484663,90,"{""type"":""MultiPoint"",""coordinates"":[]}"
29052,126,1,16,0.31250080466270447,3.317806292659302,31,"{""type"":""MultiPoint"",""coordinates"":[]}"
29124,491,1,18,0.29522988200187683,2.56407304923468,85,"{""type"":""MultiPoint"",""coordinates"":[]}"
29239,501,1,17,0.4660802185535431,6.734776973724365,55,"{""type"":""MultiPoint"",""coordinates"":[]}"
29293,900,1,8,0.6445961594581604,12.221653344589038,54,"{""type"":""MultiPoint"",""coordinates"":[]}"
29433,316,1,15,0.3773287236690521,21.30585066448588,92,"{""type"":""MultiPoint"",""coordinates"":[]}"
29480,159,1,2,0.5358982086181641,7.223418558413791,100,"{""type"":""MultiPoint"",""coordinates"":[]}"
29534,129,0,24,0.5732153654098511,2.0406752234928542,59,"{""type"":""MultiPoint"",""coordinates"":[]}"
29554,58,1,17,0.48498186469078064,8.386233543389546,82,"{""type"":""MultiPoint"",""coordinates"":[]}"
29827,17,1,8,0.2969716191291809,2.170308275898957,99,"{""type"":""MultiPoint"",""coordinates"":[]}"
30038,1440,1,5,0.45577365159988403,1.3271132066737674,49,"{""type"":""MultiPoint"",""coordinates"":[]}"
30048,110,1,18,0.5378652215003967,2.0750857438311963,100,"{""type"":""MultiPoint"",""coordinates"":[]}"
30086,694,0,22,0.6792374849319458,2.784426925140088,98,"{""type"":""MultiPoint"",""coordinates"":[]}"
30212,865,1,3,0.5097405910491943,16.189703820190413,100,"{""type"":""MultiPoint"",""coordinates"":[]}"
30235,1438,1,20,0.5548014640808105,3.866559949954279,55,"{""type"":""MultiPoint"",""coordinates"":[]}"
30306,402,1,10,0.5128987431526184,16.17962745429517,52,"{""type"":""MultiPoint"",""coordinates"":[]}"
30938,821,1,6,0.5749571323394775,17.633366868918863,55,"{""type"":""MultiPoint"",""coordinates"":[]}"
31072,442,1,4,0.4533572494983673,1.3828081223498445,83,"{""type"":""MultiPoint"",""coordinates"":[]}"
31218,93,1,16,0.5641326308250427,10.137455244169537,90,"{""type"":""MultiPoint"",""coordinates"":[]}"
31238,21,1,18,0.4082721173763275,1.4166108395233408,89,"{""type"":""MultiPoint"",""coordinates"":[]}"
31353,33,1,4,0.5087809562683105,1.4513439721929824,89,"{""type"":""MultiPoint"",""coordinates"":[]}"
31437,288,1,10,0.5065492391586304,8.289099835320444,77,"{""type"":""MultiPoint"",""coordinates"":[]}"
31454,374,1,15,0.4055662751197815,1.3281219948902683,99,"{""type"":""MultiPoint"",""coordinates"":[]}"
31578,786,0,22,0.5448359251022339,12.149875057719361,90,"{""type"":""MultiPoint"",""coordinates"":[]}"
31713,178,1,19,0.5070592761039734,1.9847392254339424,83,"{""type"":""MultiPoint"",""coordinates"":[]}"
31859,256,1,13,0.3914073407649994,1.3116183632727096,99,"{""type"":""MultiPoint"",""coordinates"":[]}"
31871,155,1,8,0.2489173859357834,12.109923189299504,85,"{""type"":""MultiPoint"",""coordinates"":[]}"
31889,163,1,11,0.40970438718795776,8.892039633915001,89,"{""type"":""MultiPoint"",""coordinates"":[]}"
31890,189,1,9,0.4667927920818329,0.9274099368729609,92,"{""type"":""MultiPoint"",""coordinates"":[]}"
31914,217,1,17,0.31900689005851746,1.8543341688295631,86,"{""type"":""MultiPoint"",""coordinates"":[]}"
32025,245,1,5,0.41985225677490234,1.370422558629892,45,"{""type"":""MultiPoint"",""coordinates"":[]}"
32032,1276,1,14,0.11522628366947174,6.203598239377473,62,"{""type"":""MultiPoint"",""coordinates"":[]}"
32066,24,1,3,0.44496211409568787,0.0,96,"{""type"":""MultiPoint"",""coordinates"":[]}"
32232,126,1,10,0.4642487168312073,9.140913159138393,44,"{""type"":""MultiPoint"",""coordinates"":[]}"
32295,520,0,22,0.5986132621765137,9.923151165361766,53,"{""type"":""MultiPoint"",""coordinates"":[]}"
32315,108,1,19,0.41503891348838806,0.9274099368729609,79,"{""type"":""MultiPoint"",""coordinates"":[]}"
32404,835,1,11,0.24835896492004395,10.609042630434862,97,"{""type"":""MultiPoint"",""coordinates"":[]}"
32597,163,0,23,0.4854503870010376,8.273449862144073,92,"{""type"":""MultiPoint"",""coordinates"":[]}"
32613,126,0,21,0.6196077466011047,1.8543341688295631,76,"{""type"":""MultiPoint"",""coordinates"":[]}"
32624,556,0,23,0.4395987391471863,6.527249006592515,78,"{""type"":""MultiPoint"",""coordinates"":[]}"
32724,80,1,10,0.4438766837120056,8.338945388793945,31,"{""type"":""MultiPoint"",""coordinates"":[]}"
32771,40,0,24,0.5229465365409851,1.3115687643925997,70,"{""type"":""MultiPoint"",""coordinates"":[]}"
32800,186,1,19,0.5928813219070435,5.395423392943193,85,"{""type"":""MultiPoint"",""coordinates"":[]}"
32806,662,0,21,0.4964468479156494,3.0144914630898962,49,"{""type"":""MultiPoint"",""coordinates"":[]}"
33214,805,1,20,0.2510385513305664,8.122010279621122,85,"{""type"":""MultiPoint"",""coordinates"":[]}"
33292,153,1,16,0.43583840131759644,22.029497596898754,52,"{""type"":""MultiPoint"",""coordinates"":[]}"
33333,302,1,10,0.3641150891780853,6.530081463664928,60,"{""type"":""MultiPoint"",""coordinates"":[]}"
33406,502,1,17,0.5360134243965149,7.840251934465405,100,"{""type"":""MultiPoint"",""coordinates"":[]}"
33766,371,1,11,0.40907564759254456,0.0,64,"{""type"":""MultiPoint"",""coordinates"":[]}"
34026,999,1,20,0.1752549409866333,7.6297506922681935,44,"{""type"":""MultiPoint"",""coordinates"":[]}"
34138,403,1,4,0.41026318073272705,8.205133434895416,66,"{""type"":""MultiPoint"",""coordinates"":[]}"
34243,694,0,22,0.5971705913543701,5.949053340019449,63,"{""type"":""MultiPoint"",""coordinates"":[]}"
34364,217,1,18,0.654745876789093,2.7802885154932517,36,"{""type"":""MultiPoint"",""coordinates"":[]}"
34410,927,1,18,0.21255524456501007,32.47240982865478,76,"{""type"":""MultiPoint"",""coordinates"":[]}"
34459,336,1,2,0.21512174606323242,6.532898977490177,83,"{""type"":""MultiPoint"",""coordinates"":[]}"
35147,1366,1,16,0.26328474283218384,9.720270751569066,52,"{""type"":""MultiPoint"",""coordinates"":[]}"
35238,36,0,23,0.6192883849143982,2.0737387007026706,100,"{""type"":""MultiPoint"",""coordinates"":[]}"
35340,360,1,16,0.17797929048538208,2.018590211868286,32,"{""type"":""MultiPoint"",""coordinates"":[]}"
35385,1046,1,14,0.5757380127906799,13.93180774251722,45,"{""type"":""MultiPoint"",""coordinates"":[]}"
35416,91,1,20,0.6552330255508423,21.94296332333167,89,"{""type"":""MultiPoint"",""coordinates"":[]}"
35424,717,1,18,0.4460180997848511,19.226055145263672,64,"{""type"":""MultiPoint"",""coordinates"":[]}"
35609,126,0,24,0.5529798865318298,1.3764937895244038,44,"{""type"":""MultiPoint"",""coordinates"":[]}"
35699,587,1,6,0.43319258093833923,29.408515588816286,75,"{""type"":""MultiPoint"",""coordinates"":[]}"
35804,583,1,20,0.6553047895431519,7.439687118584397,55,"{""type"":""MultiPoint"",""coordinates"":[]}"
35944,293,1,18,0.5534892082214355,12.126065332873665,72,"{""type"":""MultiPoint"",""coordinates"":[]}"
36056,518,1,17,0.33898672461509705,7.550897364120594,100,"{""type"":""MultiPoint"",""coordinates"":[]}"
36077,1022,1,9,0.3368498980998993,4.571240213921278,89,"{""type"":""MultiPoint"",""coordinates"":[]}"
36081,85,1,4,0.5888860821723938,2.8592267106817397,95,"{""type"":""MultiPoint"",""coordinates"":[]}"
36563,114,1,7,0.5025739073753357,6.679454944394944,95,"{""type"":""MultiPoint"",""coordinates"":[]}"
36729,76,1,17,0.4930564761161804,4.174089956815081,54,"{""type"":""MultiPoint"",""coordinates"":[]}"
36847,175,1,16,0.1657543033361435,17.418141484503405,95,"{""type"":""MultiPoint"",""coordinates"":[]}"
36965,348,1,17,0.6977232694625854,2.64781257461252,99,"{""type"":""MultiPoint"",""coordinates"":[]}"
37235,559,0,24,0.31608372926712036,0.9274099368729609,45,"{""type"":""MultiPoint"",""coordinates"":[]}"
37270,968,1,19,0.22424748539924622,5.907941480491962,85,"{""type"":""MultiPoint"",""coordinates"":[]}"
37439,240,1,4,0.5813929438591003,6.531919855267934,100,"{""type"":""MultiPoint"",""coordinates"":[]}"
37444,386,0,22,0.6273519992828369,5.85908000662612,88,"{""type"":""MultiPoint"",""coordinates"":[]}"
37748,1050,1,16,0.5340586304664612,11.254890246808182,74,"{""type"":""MultiPoint"",""coordinates"":[]}"
37997,404,1,18,0.21786490082740784,8.807756423950195,85,"{""type"":""MultiPoint"",""coordinates"":[]}"
38364,219,1,17,0.3932097256183624,5.239521667999956,90,"{""type"":""MultiPoint"",""coordinates"":[]}"
38462,25,1,17,0.5495494604110718,2.9939021056317427,32,"{""type"":""MultiPoint"",""coordinates"":[]}"
38630,234,0,22,0.6728124022483826,5.716713094553122,100,"{""type"":""MultiPoint"",""coordinates"":[]}"
38644,60,1,20,0.5313162803649902,2.7802885155287553,89,"{""type"":""MultiPoint"",""coordinates"":[]}"
38693,264,1,16,0.533139705657959,7.102437456073258,60,"{""type"":""MultiPoint"",""coordinates"":[]}"
38873,425,1,19,0.25830814242362976,3.9899094637016406,85,"{""type"":""MultiPoint"",""coordinates"":[]}"
39004,181,0,24,0.5147392749786377,0.9274099469184875,45,"{""type"":""MultiPoint"",""coordinates"":[]}"
39019,551,1,12,0.5288979411125183,2.937964725978849,44,"{""type"":""MultiPoint"",""coordinates"":[]}"
39066,332,1,16,0.5727017521858215,0.9371521410076099,48,"{""type"":""MultiPoint"",""coordinates"":[]}"
39200,818,1,2,0.33511826395988464,0.9274099368611016,83,"{""type"":""MultiPoint"",""coordinates"":[]}"
39306,1294,1,1,0.4368033707141876,3.3464037367598407,72,"{""type"":""MultiPoint"",""coordinates"":[]}"
39376,398,0,22,0.24852432310581207,4.627367505978261,36,"{""type"":""MultiPoint"",""coordinates"":[]}"
39382,126,1,13,0.5667839646339417,2.124144134956183,99,"{""type"":""MultiPoint"",""coordinates"":[]}"
39407,458,0,23,0.5826870799064636,0.9662394079942986,77,"{""type"":""MultiPoint"",""coordinates"":[]}"
39473,859,0,24,0.3009321093559265,0.9274099368611016,56,"{""type"":""MultiPoint"",""coordinates"":[]}"
39763,2574,1,20,0.3208150267601013,14.714199299541344,95,"{""type"":""MultiPoint"",""coordinates"":[]}"
39857,227,1,9,0.6198304891586304,0.0,81,"{""type"":""MultiPoint"",""coordinates"":[]}"
39999,998,1,9,0.5822829604148865,2.7802885154932517,58,"{""type"":""MultiPoint"",""coordinates"":[]}"
40050,843,1,15,0.4416145086288452,27.61841348018607,98,"{""type"":""MultiPoint"",""coordinates"":[]}"
40189,244,1,18,0.5694986581802368,11.92092107146483,97,"{""type"":""MultiPoint"",""coordinates"":[]}"
40346,112,1,14,0.5250085592269897,19.726011428218296,79,"{""type"":""MultiPoint"",""coordinates"":[]}"
40451,239,0,22,0.7161672115325928,5.883873135309709,99,"{""type"":""MultiPoint"",""coordinates"":[]}"
40482,569,1,14,0.41964438557624817,26.39263364747336,70,"{""type"":""MultiPoint"",""coordinates"":[]}"
40490,494,1,11,0.34133782982826233,27.726404969526293,87,"{""type"":""MultiPoint"",""coordinates"":[]}"
40804,817,1,8,0.6008250713348389,25.204624968571395,99,"{""type"":""MultiPoint"",""coordinates"":[]}"
40853,18,1,9,0.5146334171295166,3.8186161027299734,85,"{""type"":""MultiPoint"",""coordinates"":[]}"
40865,44,1,7,0.47574111819267273,4.156124114990234,95,"{""type"":""MultiPoint"",""coordinates"":[]}"
41002,118,1,20,0.5736941695213318,10.330309890844246,94,"{""type"":""MultiPoint"",""coordinates"":[]}"
41173,1189,1,10,0.29260867834091187,4.09625244140625,74,"{""type"":""MultiPoint"",""coordinates"":[]}"
41279,136,1,2,0.44137924909591675,1.8200787466076631,97,"{""type"":""MultiPoint"",""coordinates"":[]}"
41403,265,1,15,0.6140726804733276,4.2292683244380465,87,"{""type"":""MultiPoint"",""coordinates"":[]}"
41484,269,1,1,0.18823324143886566,2.7802885155287553,45,"{""type"":""MultiPoint"",""coordinates"":[]}"
41551,81,1,19,0.4333972632884979,9.46213452717258,68,"{""type"":""MultiPoint"",""coordinates"":[]}"
41582,234,1,16,0.5284671187400818,22.427226552326708,97,"{""type"":""MultiPoint"",""coordinates"":[]}"
41585,62,1,13,0.5455225110054016,1.311528433617485,98,"{""type"":""MultiPoint"",""coordinates"":[]}"
41677,173,1,15,0.42747390270233154,4.756869030877931,85,"{""type"":""MultiPoint"",""coordinates"":[]}"
41690,441,1,13,0.5188060998916626,2.678539273925533,55,"{""type"":""MultiPoint"",""coordinates"":[]}"
41721,271,1,12,0.4114993214607239,0.9742703146026396,99,"{""type"":""MultiPoint"",""coordinates"":[]}"
41993,63,0,24,0.5607801675796509,1.8560307233003603,98,"{""type"":""MultiPoint"",""coordinates"":[]}"
42161,278,1,2,0.7117829322814941,0.9274099368729609,100,"{""type"":""MultiPoint"",""coordinates"":[]}"
42259,41,1,14,0.46035027503967285,2.93061645249676,44,"{""type"":""MultiPoint"",""coordinates"":[]}"
42368,360,1,4,0.5249913334846497,8.50491707534037,85,"{""type"":""MultiPoint"",""coordinates"":[]}"
42376,1506,1,9,0.3787095546722412,6.12332846971621,95,"{""type"":""MultiPoint"",""coordinates"":[]}"
42915,411,1,19,0.6022974252700806,4.632206344552576,68,"{""type"":""MultiPoint"",""coordinates"":[]}"
42984,28,0,21,0.5877153277397156,0.0,90,"{""type"":""MultiPoint"",""coordinates"":[]}"
43072,283,0,24,0.6431195735931396,12.504402587586204,100,"{""type"":""MultiPoint"",""coordinates"":[]}"
43185,588,1,9,0.48176097869873047,23.243425021057007,95,"{""type"":""MultiPoint"",""coordinates"":[]}"
43341,101,1,7,0.38346531987190247,2.166533618321906,45,"{""type"":""MultiPoint"",""coordinates"":[]}"
43437,157,1,11,0.32668212056159973,2.1125760767637916,48,"{""type"":""MultiPoint"",""coordinates"":[]}"
43507,434,0,24,0.2636042833328247,23.570959801337285,54,"{""type"":""MultiPoint"",""coordinates"":[]}"
43566,1050,1,12,0.13287587463855743,14.732159297328716,84,"{""type"":""MultiPoint"",""coordinates"":[]}"
43645,1237,1,20,0.39600279927253723,17.906877517700195,100,"{""type"":""MultiPoint"",""coordinates"":[]}"
43665,928,1,16,0.366252064704895,21.821577072143555,58,"{""type"":""MultiPoint"",""coordinates"":[]}"
43679,1683,1,17,0.2685660421848297,23.35722710862281,86,"{""type"":""MultiPoint"",""coordinates"":[]}"
43709,81,0,22,0.59893399477005,1.4282506071593675,100,"{""type"":""MultiPoint"",""coordinates"":[]}"
43769,795,1,6,0.3715784251689911,1.3299935820589421,44,"{""type"":""MultiPoint"",""coordinates"":[]}"
43784,216,1,9,0.483939528465271,15.21416115373577,85,"{""type"":""MultiPoint"",""coordinates"":[]}"
43886,682,1,16,0.36311882734298706,1.6679970785481089,45,"{""type"":""MultiPoint"",""coordinates"":[]}"
43921,537,0,21,0.5781288743019104,10.943199936384982,73,"{""type"":""MultiPoint"",""coordinates"":[]}"
43935,1828,1,13,0.33208855986595154,11.905343804859877,58,"{""type"":""MultiPoint"",""coordinates"":[]}"
44059,198,1,13,0.2847817838191986,2.7802885155642585,83,"{""type"":""MultiPoint"",""coordinates"":[]}"
44361,328,1,20,0.6370168328285217,8.289099835424986,99,"{""type"":""MultiPoint"",""coordinates"":[]}"
44380,27,1,11,0.5466986894607544,6.197526547100885,97,"{""type"":""MultiPoint"",""coordinates"":[]}"
44702,21,1,6,0.4811515808105469,0.9274099469184875,90,"{""type"":""MultiPoint"",""coordinates"":[]}"
44706,56,1,4,0.6177306175231934,12.447828316727795,55,"{""type"":""MultiPoint"",""coordinates"":[]}"
44790,6,1,10,0.37872374057769775,2.0742465277469986,45,"{""type"":""MultiPoint"",""coordinates"":[]}"
44812,203,0,24,0.6646018624305725,8.490577763443223,76,"{""type"":""MultiPoint"",""coordinates"":[]}"
45076,237,1,2,0.6654412746429443,3.819577686599469,100,"{""type"":""MultiPoint"",""coordinates"":[]}"
45118,270,0,24,0.6069744229316711,25.86869484596916,90,"{""type"":""MultiPoint"",""coordinates"":[]}"
45221,646,1,14,0.3761715292930603,27.04306037055656,75,"{""type"":""MultiPoint"",""coordinates"":[]}"
45345,451,0,22,0.3579402565956116,1.9221122086906464,64,"{""type"":""MultiPoint"",""coordinates"":[]}"
45558,240,1,16,0.5803583264350891,6.721260817529933,100,"{""type"":""MultiPoint"",""coordinates"":[]}"
45564,454,0,24,0.29754379391670227,5.660109206744954,47,"{""type"":""MultiPoint"",""coordinates"":[]}"
45621,30,1,12,0.46882498264312744,9.497565030575098,96,"{""type"":""MultiPoint"",""coordinates"":[]}"
45746,269,1,14,0.3920043408870697,10.642817119316833,85,"{""type"":""MultiPoint"",""coordinates"":[]}"
45883,384,1,20,0.5789193511009216,7.608249113245274,95,"{""type"":""MultiPoint"",""coordinates"":[]}"
46013,112,0,22,0.44691193103790283,3.3424139388322414,98,"{""type"":""MultiPoint"",""coordinates"":[]}"
46041,295,1,10,0.48703518509864807,5.705996511693622,100,"{""type"":""MultiPoint"",""coordinates"":[]}"
46232,52,1,4,0.4596765339374542,2.623057640772589,72,"{""type"":""MultiPoint"",""coordinates"":[]}"
46262,607,1,6,0.5716627836227417,9.464772623143528,97,"{""type"":""MultiPoint"",""coordinates"":[]}"
46264,309,1,17,0.2558605670928955,4.982445891971684,75,"{""type"":""MultiPoint"",""coordinates"":[]}"
46286,527,1,2,0.29802829027175903,10.137469291687012,100,"{""type"":""MultiPoint"",""coordinates"":[]}"
46333,424,0,21,0.5525828003883362,7.100880300345416,60,"{""type"":""MultiPoint"",""coordinates"":[]}"
46343,617,1,18,0.44330596923828125,1.3144545606920672,47,"{""type"":""MultiPoint"",""coordinates"":[]}"
46369,217,1,9,0.5285688638687134,9.262687882134824,100,"{""type"":""MultiPoint"",""coordinates"":[]}"
46385,60,1,13,0.4526647627353668,2.806410582190342,52,"{""type"":""MultiPoint"",""coordinates"":[]}"
46457,318,1,18,0.46098557114601135,7.313847237294596,99,"{""type"":""MultiPoint"",""coordinates"":[]}"
46528,438,0,24,0.5630850791931152,6.660186296577386,100,"{""type"":""MultiPoint"",""coordinates"":[]}"
46578,906,0,22,0.3672107756137848,29.451072902845397,78,"{""type"":""MultiPoint"",""coordinates"":[]}"
46608,16,1,12,0.49849382042884827,2.9304462290433038,98,"{""type"":""MultiPoint"",""coordinates"":[]}"
46643,772,1,19,0.49000149965286255,11.515011836348622,82,"{""type"":""MultiPoint"",""coordinates"":[]}"
46710,570,1,6,0.18578124046325684,9.979447779480383,65,"{""type"":""MultiPoint"",""coordinates"":[]}"
46963,338,1,20,0.6259223222732544,0.963987877794854,98,"{""type"":""MultiPoint"",""coordinates"":[]}"
46965,231,1,13,0.21800875663757324,1.7246631072889844,45,"{""type"":""MultiPoint"",""coordinates"":[]}"
47106,567,0,23,0.45739856362342834,14.512012481689453,89,"{""type"":""MultiPoint"",""coordinates"":[]}"
47150,561,1,6,0.562799870967865,4.146411378916148,99,"{""type"":""MultiPoint"",""coordinates"":[]}"
47647,173,1,18,0.5064635276794434,4.1460111727260225,49,"{""type"":""MultiPoint"",""coordinates"":[]}"
47709,73,1,5,0.4906086325645447,2.930442393044105,97,"{""type"":""MultiPoint"",""coordinates"":[]}"
47861,320,1,9,0.35271403193473816,2.7802885155642585,100,"{""type"":""MultiPoint"",""coordinates"":[]}"
47944,644,1,11,0.4369921386241913,2.7802885155287553,72,"{""type"":""MultiPoint"",""coordinates"":[]}"
47949,425,1,18,0.5571050047874451,3.824859365657642,100,"{""type"":""MultiPoint"",""coordinates"":[]}"
47981,290,1,16,0.4983348548412323,2.6846731565716593,70,"{""type"":""MultiPoint"",""coordinates"":[]}"
48006,479,1,17,0.4352245330810547,1.0132396304152096,55,"{""type"":""MultiPoint"",""coordinates"":[]}"
48036,537,1,6,0.5106439590454102,2.623597127857351,99,"{""type"":""MultiPoint"",""coordinates"":[]}"
48050,415,0,23,0.5551832914352417,3.8184928666166864,90,"{""type"":""MultiPoint"",""coordinates"":[]}"
48097,63,1,3,0.6178419589996338,1.312758185685886,82,"{""type"":""MultiPoint"",""coordinates"":[]}"
48191,71,1,9,0.5609174370765686,6.1995953084102595,95,"{""type"":""MultiPoint"",""coordinates"":[]}"
48299,959,1,19,0.39422327280044556,22.161658212632315,78,"{""type"":""MultiPoint"",""coordinates"":[]}"
48320,75,1,10,0.4913140535354614,4.627367505978261,100,"{""type"":""MultiPoint"",""coordinates"":[]}"
48331,450,1,2,0.5872665047645569,11.77774638834035,71,"{""type"":""MultiPoint"",""coordinates"":[]}"
48439,49,1,9,0.5801199674606323,12.031582229926332,100,"{""type"":""MultiPoint"",""coordinates"":[]}"
48706,791,0,23,0.6005386710166931,8.308524630162655,52,"{""type"":""MultiPoint"",""coordinates"":[]}"
48881,148,0,22,0.5968784689903259,0.9274099368729609,100,"{""type"":""MultiPoint"",""coordinates"":[]}"
48887,266,1,8,0.5830365419387817,14.662399424123517,99,"{""type"":""MultiPoint"",""coordinates"":[]}"
48892,553,1,19,0.5511015057563782,0.9294743132939721,100,"{""type"":""MultiPoint"",""coordinates"":[]}"
49237,172,1,10,0.32562652230262756,0.9274099469184875,72,"{""type"":""MultiPoint"",""coordinates"":[]}"
49339,135,1,14,0.6358872056007385,17.943770325951174,31,"{""type"":""MultiPoint"",""coordinates"":[]}"
49343,391,1,5,0.5227215886116028,11.154056105665894,89,"{""type"":""MultiPoint"",""coordinates"":[]}"
49363,64,1,6,0.5260247588157654,1.3666797979859175,47,"{""type"":""MultiPoint"",""coordinates"":[]}"
49477,265,0,22,0.4748295545578003,4.718602180480957,99,"{""type"":""MultiPoint"",""coordinates"":[]}"
49520,797,1,20,0.5831151008605957,6.5308204951186,90,"{""type"":""MultiPoint"",""coordinates"":[]}"
49590,653,1,13,0.6314556002616882,6.667346275691083,95,"{""type"":""MultiPoint"",""coordinates"":[]}"
49594,126,1,14,0.5894007682800293,3.266597773794816,96,"{""type"":""MultiPoint"",""coordinates"":[]}"
49600,54,1,16,0.628618061542511,1.4449751490649274,93,"{""type"":""MultiPoint"",""coordinates"":[]}"
49617,384,1,13,0.6491407752037048,4.141484394604607,98,"{""type"":""MultiPoint"",""coordinates"":[]}"
49686,2841,0,24,0.3687552213668823,3.6278473610298274,93,"{""type"":""MultiPoint"",""coordinates"":[]}"
49871,580,0,24,0.28488293290138245,7.097846846344236,54,"{""type"":""MultiPoint"",""coordinates"":[]}"
49899,780,0,24,0.5971159934997559,19.469192948908848,46,"{""type"":""MultiPoint"",""coordinates"":[]}"
49964,236,1,5,0.4620073735713959,6.5446750039490595,95,"{""type"":""MultiPoint"",""coordinates"":[]}"
